unixtime,equiv_cores,pkg_temp_c,max_core_temp_c,freq_p_mhz,freq_e_mhz,freq_lpe_mhz,util_cpu0
1789830793.592,1.182,54.000,70.000,1201.339,400.000,1001.262,0.000
1789830793.694,1.455,54.000,70.000,3138.550,2697.786,400.000,0.000
1789830793.803,13.582,54.000,70.000,4554.144,3301.424,2500.033,0.600
1789830793.907,5.891,54.000,70.000,2582.159,1118.615,1259.768,0.636
1789830794.011,1.083,54.000,70.000,1671.156,400.000,400.000,0.000
1789830794.116,1.174,54.000,70.000,1866.516,400.000,748.910,0.000
1789830794.220,1.091,54.000,70.000,1468.667,400.000,1759.666,0.000
1789830794.324,1.091,54.000,70.000,1440.722,603.853,1102.115,0.000
1789830794.427,1.083,54.000,70.000,1958.850,895.678,400.000,0.000
1789830794.529,1.308,62.000,70.000,2450.696,1289.334,1252.520,0.000
1789830794.632,0.928,62.000,80.000,1113.202,868.495,400.000,0.000
1789830794.734,1.373,62.000,80.000,1422.713,999.393,400.000,0.000
1789830794.838,1.182,62.000,80.000,1679.295,582.379,1191.507,0.000
1789830794.947,4.183,62.000,80.000,4533.713,3301.397,2499.980,0.182
1789830795.051,15.112,62.000,80.000,1106.792,720.845,400.000,0.727
1789830795.155,1.000,62.000,80.000,1252.396,607.262,400.000,0.000
1789830795.259,1.083,62.000,80.000,1409.490,400.000,1236.766,0.000
1789830795.363,1.182,62.000,80.000,1027.995,661.284,400.000,0.000
1789830795.466,1.091,62.000,80.000,1511.463,1735.484,1221.501,0.000
1789830795.570,1.000,87.000,87.000,1531.080,789.901,400.000,0.000
1789830795.675,1.339,87.000,87.000,1632.775,714.271,1267.822,0.000
1789830795.777,1.633,87.000,87.000,1681.815,1530.666,1011.971,0.000
1789830795.879,1.445,87.000,87.000,1831.609,2145.339,959.187,0.000
1789830795.982,2.869,87.000,87.000,2888.202,2370.647,400.000,0.000
1789830796.084,5.713,87.000,87.000,2699.472,2433.474,400.000,0.250
1789830796.187,4.377,87.000,87.000,2350.345,2683.433,400.000,0.100
1789830796.290,4.606,87.000,87.000,2734.158,1910.747,400.000,0.444
1789830796.393,3.928,87.000,87.000,2772.281,1619.112,400.000,0.182
1789830796.497,5.637,87.000,87.000,3673.671,2314.787,1799.240,0.300
1789830796.601,3.468,73.000,76.000,2836.976,1772.464,1954.534,0.000
1789830796.704,2.938,73.000,79.000,3227.048,2046.603,1258.084,0.111
1789830796.807,6.204,73.000,79.000,4393.809,3149.737,2299.990,0.200
1789830796.910,7.504,73.000,79.000,4369.388,3301.407,2200.029,0.300
1789830797.014,13.742,73.000,79.000,4332.763,3303.208,2199.998,0.545
1789830797.117,13.295,73.000,79.000,4400.403,3140.418,2255.012,0.600
1789830797.222,12.902,73.000,79.000,4080.305,3266.666,1308.542,0.600
1789830797.326,2.518,73.000,79.000,1944.854,711.208,892.047,0.000
1789830797.431,1.018,73.000,79.000,2297.705,1266.873,400.000,0.091
1789830797.533,8.348,73.000,79.000,4235.920,3334.450,2181.498,0.400
1789830797.636,10.791,87.000,87.000,4506.109,3301.397,2413.041,0.556
1789830797.743,10.255,87.000,87.000,4227.934,2939.444,400.000,0.500
1789830797.846,7.239,87.000,87.000,1735.266,1207.318,2063.006,0.333
1789830797.950,8.482,87.000,87.000,4366.669,3301.383,2208.479,0.400
1789830798.054,10.276,87.000,87.000,4450.932,3295.256,2334.871,0.400
1789830798.160,9.453,87.000,87.000,3728.657,3122.912,2431.475,0.500
1789830798.264,10.799,87.000,87.000,3554.451,3178.305,2161.169,0.400
1789830798.373,2.973,87.000,87.000,4529.949,3102.370,2500.044,0.182
1789830798.477,10.945,87.000,87.000,4064.057,3207.939,2106.481,0.500
1789830798.583,10.464,87.000,87.000,4519.058,3301.388,2201.873,0.455
1789830798.690,11.115,93.000,93.000,4599.973,3301.425,2213.565,0.600
1789830798.793,3.189,93.000,93.000,1700.838,1449.764,979.260,0.091
1789830798.895,10.344,93.000,93.000,3907.594,3138.811,1650.916,0.556
1789830798.998,11.334,93.000,93.000,3890.650,3372.375,2118.750,0.500
1789830799.104,10.992,93.000,93.000,4008.001,3208.894,2071.845,0.545
1789830799.209,6.395,93.000,93.000,1362.148,823.834,1172.245,0.300
1789830799.313,8.305,93.000,93.000,4458.293,3364.772,2045.035,0.300
1789830799.419,10.964,93.000,93.000,4239.916,3333.573,1918.686,0.600
1789830799.522,10.802,93.000,93.000,4372.832,3305.901,2282.280,0.583
1789830799.625,8.224,93.000,93.000,1500.518,679.217,400.000,0.400
1789830799.731,5.198,92.000,92.000,4458.417,3301.393,400.000,0.100
1789830799.835,10.928,92.000,92.000,3941.501,3051.341,2184.872,0.500
1789830799.938,11.695,92.000,92.000,4067.953,3306.450,2049.193,0.556
1789830800.041,11.747,92.000,92.000,4251.195,3318.280,2203.961,0.500
1789830800.147,3.112,92.000,92.000,4571.565,3301.434,2366.878,0.100
1789830800.253,10.673,92.000,92.000,4568.886,3234.221,2499.989,0.500
1789830800.360,10.238,92.000,92.000,4404.301,3302.047,1298.806,0.600
1789830800.463,9.455,92.000,92.000,3929.123,3231.331,2434.207,0.500
1789830800.566,5.631,92.000,92.000,2088.066,1659.141,750.691,0.300
1789830800.673,8.220,92.000,92.000,4073.295,3220.482,2021.635,0.400
1789830800.778,9.781,86.000,86.000,4084.492,3201.219,2200.027,0.545
1789830800.885,10.262,86.000,89.000,4579.586,3126.793,2480.435,0.545
1789830800.988,11.147,86.000,89.000,4382.941,3122.153,2093.909,0.545
1789830801.092,3.577,86.000,89.000,4280.109,3301.441,2199.997,0.111
1789830801.199,11.309,86.000,89.000,4549.569,3079.982,1409.209,0.400
1789830801.304,10.989,86.000,89.000,4353.364,3301.392,2338.766,0.545
1789830801.407,11.703,86.000,89.000,4333.993,3301.376,2199.039,0.545
1789830801.510,2.712,86.000,89.000,1810.307,798.103,1072.113,0.100
1789830801.614,10.934,86.000,89.000,4299.202,3301.399,2355.827,0.444
1789830801.716,9.368,86.000,89.000,3627.657,3365.353,2155.766,0.400
1789830801.819,11.200,81.000,89.000,4111.497,3323.901,2127.226,0.545
1789830801.922,6.330,81.000,81.000,2674.810,1059.909,2500.343,0.200
1789830802.025,4.515,81.000,81.000,4274.702,3301.439,2199.971,0.222
1789830802.129,11.667,81.000,81.000,4051.477,3098.367,2396.355,0.545
1789830802.231,9.519,81.000,81.000,3614.546,3187.688,2134.614,0.556
1789830802.335,11.831,81.000,81.000,4392.748,3301.415,2374.074,0.500
1789830802.438,4.122,81.000,81.000,2557.761,497.089,1575.591,0.100
1789830802.542,10.134,81.000,81.000,4262.247,3255.114,2200.001,0.444
1789830802.645,9.763,81.000,81.000,4248.519,3302.749,2249.031,0.364
1789830802.748,10.993,81.000,81.000,4408.707,3306.742,2177.972,0.600
1789830802.851,8.209,90.000,90.000,1698.528,748.236,1049.625,0.455
1789830802.955,6.759,90.000,90.000,4429.998,3314.345,2285.381,0.200
1789830803.059,10.891,90.000,90.000,4405.494,3301.405,2199.938,0.500
1789830803.162,11.365,90.000,90.000,4243.172,3312.785,1961.200,0.545
1789830803.265,9.271,90.000,90.000,3910.764,2066.803,2169.863,0.444
1789830803.372,4.434,90.000,90.000,4566.662,3301.382,2361.207,0.200
1789830803.475,10.406,90.000,90.000,4385.294,3219.628,2210.575,0.400
1789830803.578,10.208,90.000,90.000,4292.632,3268.125,2382.749,0.455
1789830803.682,10.955,90.000,90.000,3688.983,3284.066,2278.432,0.500
1789830803.786,3.919,90.000,90.000,1598.972,1121.127,400.000,0.200
1789830803.894,9.692,96.000,96.000,4579.493,3293.800,1691.286,0.400
1789830804.001,11.141,96.000,96.000,4147.625,3301.408,2104.075,0.545
1789830804.107,10.040,96.000,96.000,3256.495,3301.418,2350.016,0.400
1789830804.212,6.419,96.000,96.000,1522.868,652.529,1165.733,0.300
1789830804.315,8.206,96.000,96.000,4130.229,3273.909,2133.059,0.364
1789830804.418,11.421,96.000,96.000,4419.273,3308.970,1300.003,0.556
1789830804.521,10.196,96.000,96.000,4202.294,3327.807,2149.048,0.545
1789830804.625,8.333,96.000,96.000,4111.797,3308.171,1592.432,0.400
1789830804.727,3.208,96.000,96.000,4072.221,3140.385,2215.550,0.100
1789830804.831,9.982,96.000,96.000,4568.196,3301.413,2484.843,0.500
1789830804.934,9.617,80.000,92.000,4098.522,3426.407,1286.717,0.400
1789830805.040,10.182,80.000,92.000,4599.981,3049.898,1682.536,0.400
1789830805.143,3.326,80.000,92.000,1486.841,475.270,1236.514,0.182
1789830805.246,9.981,80.000,92.000,4332.685,3316.220,2349.878,0.444
1789830805.348,9.818,80.000,92.000,4230.126,3196.405,2163.780,0.400
1789830805.454,11.372,80.000,92.000,4540.661,3301.411,2499.944,0.545
1789830805.558,7.315,80.000,92.000,2199.880,760.618,1362.321,0.200
1789830805.660,5.782,80.000,92.000,4521.996,3301.415,1449.992,0.273
1789830805.763,9.136,80.000,92.000,3719.322,2914.532,2501.035,0.400
1789830805.866,9.193,80.000,92.000,4281.452,3301.424,2183.295,0.222
1789830805.970,10.945,85.000,92.000,4197.466,3321.244,2199.957,0.636
1789830806.073,4.118,85.000,85.000,1934.452,3059.462,400.000,0.200
1789830806.176,10.136,85.000,85.000,4141.235,3196.739,2180.228,0.400
1789830806.279,10.860,85.000,85.000,4175.780,3155.555,2202.850,0.333
1789830806.384,10.463,85.000,85.000,4469.625,3280.616,2353.930,0.455
1789830806.488,7.339,85.000,85.000,2739.315,1090.444,400.000,0.333
1789830806.591,6.653,85.000,85.000,4184.398,3326.408,2135.891,0.273
1789830806.694,10.489,85.000,85.000,4202.833,3197.144,2314.863,0.500
1789830806.801,10.317,85.000,85.000,4577.787,3301.384,2413.061,0.400
1789830806.905,10.137,85.000,85.000,4372.527,3309.100,400.000,0.455
1789830807.011,3.837,71.000,77.000,3557.808,3307.550,2500.404,0.111
1789830807.115,10.883,71.000,90.000,4402.452,3279.674,2274.178,0.545
1789830807.218,12.020,71.000,90.000,4371.010,3279.190,2184.938,0.500
1789830807.321,12.742,71.000,90.000,4174.493,2873.830,400.000,0.700
1789830807.424,10.539,71.000,90.000,3254.211,2415.931,2208.117,0.400
1789830807.529,7.110,71.000,90.000,4495.979,3142.108,2499.869,0.455
1789830807.636,12.768,71.000,90.000,4242.715,3301.581,2199.979,0.800
1789830807.742,11.585,71.000,90.000,4273.624,3301.316,1653.018,0.636
1789830807.845,11.670,71.000,90.000,3581.111,2991.333,1594.979,0.500
1789830807.949,9.165,71.000,90.000,3038.509,2507.279,1073.722,0.636
1789830808.051,7.751,91.000,91.000,4355.931,3301.413,2300.002,0.400
1789830808.156,12.297,91.000,97.000,4492.109,3291.762,2491.278,0.600
1789830808.265,13.395,91.000,97.000,4125.099,3301.385,2199.962,0.600
1789830808.375,12.170,91.000,97.000,4279.603,3283.963,2215.890,0.455
1789830808.479,6.815,91.000,97.000,2335.966,1321.693,400.000,0.200
1789830808.582,9.517,91.000,97.000,4350.995,3308.832,2200.012,0.400
1789830808.686,11.547,91.000,97.000,4252.595,3301.337,2187.290,0.600
1789830808.794,10.544,91.000,97.000,4530.672,3223.731,2299.424,0.455
1789830808.897,8.842,91.000,97.000,2169.715,972.025,400.000,0.333
1789830809.000,5.756,91.000,97.000,3872.820,3301.406,2150.555,0.250
1789830809.103,10.380,86.000,97.000,4066.448,2995.788,2359.993,0.400
1789830809.206,9.002,86.000,86.000,3709.768,1266.670,2400.114,0.400
1789830809.312,10.152,86.000,86.000,3846.273,3282.325,1638.605,0.400
1789830809.419,6.976,86.000,86.000,1838.536,686.321,1449.956,0.500
1789830809.528,8.826,86.000,86.000,4301.204,3338.264,2295.590,0.273
1789830809.636,10.173,86.000,86.000,4166.788,3310.678,2380.324,0.364
1789830809.743,10.507,86.000,86.000,4358.196,3242.695,2354.381,0.400
1789830809.847,11.562,86.000,86.000,4039.660,3330.430,2149.773,0.545
1789830809.949,2.627,86.000,86.000,4290.781,3272.483,2084.890,0.100
1789830810.059,10.845,86.000,86.000,4559.896,3041.689,2350.001,0.400
1789830810.165,11.409,76.000,83.000,4045.945,3357.377,2319.322,0.636
1789830810.271,11.767,76.000,83.000,4106.027,3016.384,2349.960,0.455
1789830810.374,5.672,76.000,83.000,1609.566,400.000,1592.070,0.222
1789830810.477,8.906,76.000,83.000,4155.905,3020.120,2199.890,0.455
1789830810.580,12.302,76.000,83.000,4074.626,3306.004,2199.975,0.600
1789830810.683,11.438,76.000,83.000,4298.417,3308.342,2199.972,0.545
1789830810.787,8.927,76.000,83.000,4119.563,3301.639,2500.494,0.400
1789830810.891,3.027,76.000,83.000,4361.838,3018.494,2333.707,0.200
1789830810.998,11.273,76.000,83.000,4228.293,3265.098,2189.577,0.455
1789830811.107,11.636,76.000,83.000,4318.145,3284.129,2233.297,0.500
1789830811.214,10.143,87.000,87.000,4335.944,3307.742,2199.979,0.500
1789830811.318,6.145,87.000,87.000,2278.067,1022.281,400.000,0.300
1789830811.423,8.945,87.000,87.000,4358.121,3308.253,2200.006,0.364
1789830811.526,9.304,87.000,87.000,4127.333,3221.721,2203.457,0.300
1789830811.629,11.840,87.000,87.000,4301.272,3350.409,2192.065,0.556
1789830811.735,10.600,87.000,87.000,4221.488,2928.323,2251.101,0.455
1789830811.841,3.327,87.000,87.000,4504.463,3058.163,2319.963,0.100
1789830811.944,11.220,87.000,87.000,3344.264,3267.540,2185.622,0.500
1789830812.047,11.931,87.000,87.000,4244.304,3301.378,2243.732,0.600
1789830812.150,9.255,87.000,87.000,4357.641,3307.674,2266.177,0.400
1789830812.255,9.115,89.000,89.000,1672.921,400.000,400.000,0.333
1789830812.363,6.455,89.000,90.000,4148.000,2880.849,2199.993,0.273
1789830812.466,11.128,89.000,90.000,4220.848,3301.360,2267.258,0.500
1789830812.569,9.663,89.000,90.000,3638.904,3289.563,2485.891,0.400
1789830812.674,7.745,89.000,90.000,4069.210,3340.860,2169.886,0.300
1789830812.777,2.073,89.000,90.000,1625.416,887.681,1817.172,0.091
1789830812.882,7.219,89.000,90.000,4185.560,3331.045,2500.090,0.222
1789830812.986,8.773,89.000,90.000,3995.881,3322.176,2398.053,0.455
1789830813.088,9.516,89.000,90.000,4337.630,3155.336,2239.240,0.500
1789830813.191,11.190,89.000,90.000,4170.934,3270.536,2268.117,0.500
1789830813.294,3.145,96.000,96.000,4532.563,3307.234,2500.023,0.100
1789830813.396,11.418,96.000,96.000,3979.177,3244.582,2180.220,0.600
1789830813.502,9.742,96.000,96.000,4536.317,3301.945,1711.791,0.583
1789830813.605,10.623,96.000,96.000,4090.071,3322.770,2210.203,0.333
1789830813.708,5.373,96.000,96.000,1927.700,1442.383,400.000,0.200
1789830813.813,9.241,96.000,96.000,4206.622,3307.716,2200.021,0.400
1789830813.916,10.763,96.000,96.000,4273.509,3236.854,2282.538,0.364
1789830814.021,9.564,96.000,96.000,4333.856,3377.345,2336.507,0.455
1789830814.126,8.098,96.000,96.000,1891.059,825.211,1333.797,0.400
1789830814.233,5.179,96.000,96.000,4230.684,3314.374,1350.034,0.200
1789830814.338,11.427,95.000,95.000,4093.612,3234.312,2108.740,0.400
1789830814.444,10.245,95.000,95.000,4053.798,3165.051,2013.535,0.455
1789830814.548,10.000,95.000,95.000,4139.053,3301.414,2199.953,0.200
1789830814.652,2.486,95.000,95.000,1672.423,675.035,1055.525,0.100
1789830814.755,11.501,95.000,95.000,4229.765,3369.827,2200.003,0.600
1789830814.859,10.054,95.000,95.000,4221.644,3240.083,2138.046,0.455
1789830814.964,9.126,95.000,95.000,4346.469,3311.700,2200.022,0.300
1789830815.067,10.399,95.000,95.000,4437.039,3053.488,2499.113,0.545
1789830815.171,2.455,95.000,95.000,4184.075,3296.921,2399.949,0.000
1789830815.276,9.700,95.000,95.000,4347.889,3301.333,1300.009,0.400
1789830815.379,11.000,96.000,96.000,4418.470,3263.603,2493.175,0.545
1789830815.484,12.092,96.000,96.000,4291.528,3301.382,2200.037,0.400
1789830815.589,7.682,96.000,96.000,1823.637,1038.757,400.000,0.400
1789830815.692,5.835,96.000,96.000,4036.088,2977.404,2250.749,0.200
1789830815.798,10.910,96.000,96.000,4287.061,3218.855,2141.901,0.400
1789830815.901,11.956,96.000,96.000,4302.609,3301.421,2200.026,0.545
1789830816.004,10.688,96.000,96.000,4406.865,3301.411,2212.180,0.400
1789830816.107,5.318,96.000,96.000,2118.409,767.385,400.000,0.200
1789830816.211,7.740,96.000,96.000,4314.385,3294.020,2122.929,0.300
1789830816.318,11.301,96.000,96.000,4050.726,3161.178,2199.958,0.600
1789830816.422,12.394,95.000,95.000,4275.490,3336.438,2199.950,0.600
1789830816.529,12.353,95.000,96.000,4164.070,3038.733,2331.872,0.545
1789830816.636,3.703,95.000,96.000,4354.807,3301.349,2014.114,0.200
1789830816.746,10.982,95.000,96.000,4372.634,3301.393,2302.579,0.545
1789830816.853,10.627,95.000,96.000,4506.150,3301.403,2410.184,0.455
1789830816.957,13.205,95.000,96.000,4070.266,3364.230,2250.977,0.600
1789830817.060,10.109,95.000,96.000,2272.166,400.000,1001.524,0.400
1789830817.168,5.186,95.000,96.000,4329.761,3301.261,2177.213,0.200
1789830817.274,11.145,95.000,96.000,4505.688,3263.842,2499.872,0.500
1789830817.379,12.520,95.000,96.000,4447.467,3301.283,1951.032,0.500
1789830817.488,13.567,93.000,96.000,4233.260,3233.642,2167.997,0.636
1789830817.595,7.371,93.000,93.000,1606.780,400.000,1324.297,0.333
1789830817.700,8.608,93.000,93.000,4125.621,3339.637,2329.613,0.300
1789830817.803,12.067,93.000,93.000,4154.750,3301.425,2203.711,0.600
1789830817.907,12.595,93.000,93.000,4276.286,3088.532,2350.946,0.583
1789830818.010,12.118,93.000,93.000,4214.815,3307.988,2200.011,0.545
1789830818.113,4.949,93.000,93.000,1774.965,400.000,1556.216,0.111
1789830818.221,11.036,93.000,93.000,4408.661,3301.363,2369.264,0.545
1789830818.326,12.903,93.000,93.000,4275.566,3301.368,2200.004,0.700
1789830818.431,12.729,93.000,93.000,4218.576,3287.520,2199.995,0.545
1789830818.536,10.352,98.000,98.000,4290.072,3301.405,2199.976,0.444
1789830818.639,5.707,98.000,98.000,2991.626,1609.891,1620.548,0.273
1789830818.742,12.288,98.000,98.000,4428.741,3097.621,2230.318,0.400
1789830818.844,14.125,98.000,98.000,4096.370,3073.895,2199.976,0.700
1789830818.950,13.865,98.000,98.000,4117.860,3163.204,2287.658,0.600
1789830819.054,14.210,98.000,98.000,4227.502,2891.434,2265.744,0.545
1789830819.165,13.721,98.000,98.000,4254.710,3284.004,1802.127,0.636
1789830819.268,4.855,98.000,98.000,3159.696,2445.403,1314.230,0.300
1789830819.371,14.318,98.000,98.000,3947.323,2985.534,2199.994,0.700
1789830819.473,14.421,98.000,98.000,3913.417,2639.187,2311.885,0.700
1789830819.576,13.025,91.000,92.000,3916.452,1741.274,1897.377,0.700
1789830819.678,14.897,91.000,95.000,3875.079,3074.110,2293.780,0.600
1789830819.781,12.464,91.000,95.000,4212.876,3301.460,2296.034,0.500
1789830819.888,5.750,91.000,95.000,4369.931,3222.350,2200.051,0.182
1789830819.992,13.284,91.000,95.000,4228.020,3314.152,2199.976,0.600
1789830820.095,11.903,91.000,95.000,3779.928,2897.988,2498.368,0.545
1789830820.200,12.496,91.000,95.000,4243.802,3299.668,2199.976,0.667
1789830820.305,12.868,91.000,95.000,4259.885,3273.690,2200.032,0.500
1789830820.408,3.595,91.000,95.000,4318.010,3301.412,2199.998,0.100
1789830820.512,13.168,91.000,95.000,4261.946,3058.843,2200.037,0.545
1789830820.619,12.592,97.000,97.000,4259.071,3288.594,2200.006,0.455
1789830820.723,12.883,97.000,97.000,3890.107,3149.904,2385.820,0.545
1789830820.830,13.120,97.000,97.000,4215.928,3296.655,2200.021,0.444
1789830820.937,3.661,97.000,97.000,4276.406,2756.639,2374.454,0.091
1789830821.042,11.447,97.000,97.000,4226.847,3301.386,2215.512,0.455
1789830821.147,8.574,97.000,97.000,4154.531,3268.095,2423.274,0.333
1789830821.254,8.662,97.000,97.000,4374.046,2920.940,2350.006,0.455
1789830821.359,4.825,97.000,97.000,3928.012,3353.038,2051.188,0.250
1789830821.462,10.496,97.000,97.000,4108.289,3301.482,2135.491,0.333
1789830821.568,11.012,97.000,97.000,3967.692,3358.243,2132.253,0.500
1789830821.672,11.777,90.000,90.000,2830.215,2125.030,2183.428,0.500
1789830821.779,3.439,90.000,94.000,4570.304,3301.367,2323.151,0.182
1789830821.883,11.875,90.000,94.000,4254.940,3301.382,2200.048,0.500
1789830821.988,10.564,90.000,94.000,4484.709,3301.411,2435.999,0.500
1789830822.092,11.327,90.000,94.000,4217.607,3223.955,2197.263,0.636
1789830822.196,3.811,90.000,94.000,1573.292,743.963,400.000,0.100
1789830822.301,10.256,90.000,94.000,4074.814,3362.142,2199.983,0.400
1789830822.405,11.666,90.000,94.000,4228.140,3301.402,2199.965,0.400
1789830822.512,12.391,90.000,94.000,4210.497,3301.364,2200.033,0.600
1789830822.617,7.455,90.000,94.000,1955.653,1618.635,1293.538,0.364
1789830822.725,6.891,97.000,97.000,4539.691,3301.371,2496.576,0.200
1789830822.829,10.129,97.000,97.000,4304.052,3257.386,2350.021,0.300
1789830822.932,11.494,97.000,97.000,4341.789,3399.017,1770.568,0.545
1789830823.035,11.903,97.000,97.000,4202.228,3301.400,2251.726,0.600
1789830823.139,6.985,97.000,97.000,1596.183,400.000,1180.592,0.300
1789830823.249,7.979,97.000,97.000,4159.338,3298.536,2116.673,0.300
1789830823.354,11.265,97.000,97.000,3861.311,3196.134,2349.967,0.455
1789830823.462,11.965,97.000,97.000,4562.621,3301.329,2149.655,0.636
1789830823.567,10.900,97.000,97.000,4185.802,3302.785,1760.414,0.500
1789830823.672,4.756,97.000,97.000,1976.237,747.581,2175.068,0.182
1789830823.776,10.855,87.000,90.000,3431.158,3271.533,2147.305,0.333
1789830823.879,12.509,87.000,99.000,4516.162,3278.049,2500.070,0.500
1789830823.983,12.803,87.000,99.000,4146.742,3301.377,2153.671,0.545
1789830824.087,13.223,87.000,99.000,4221.188,3124.840,2200.034,0.700
1789830824.190,2.868,87.000,99.000,4040.866,3303.673,2350.019,0.100
1789830824.294,13.148,87.000,99.000,4502.215,3121.054,2459.818,0.545
1789830824.404,12.521,87.000,99.000,4376.191,3301.448,2149.976,0.600
1789830824.510,13.441,87.000,99.000,4117.167,3344.015,2199.983,0.600
1789830824.614,8.850,87.000,99.000,2261.616,711.502,1124.361,0.400
1789830824.717,7.042,87.000,99.000,3991.176,3352.446,2177.752,0.364
1789830824.819,13.165,96.000,99.000,3902.136,3044.588,2200.019,0.500
1789830824.923,12.982,96.000,96.000,3713.619,3286.298,2182.161,0.600
1789830825.027,13.085,96.000,96.000,4168.649,3335.117,2199.949,0.600
1789830825.130,7.252,96.000,96.000,1290.969,1033.893,1305.384,0.455
1789830825.242,9.008,96.000,96.000,4175.105,3270.895,1997.936,0.300
1789830825.347,12.505,96.000,96.000,4113.991,3422.354,2200.003,0.545
1789830825.452,12.911,96.000,96.000,4178.048,3245.956,2200.008,0.700
1789830825.555,13.094,96.000,96.000,4236.756,3260.393,2199.981,0.455
1789830825.659,5.327,96.000,96.000,2357.643,1159.020,1074.382,0.200
1789830825.767,11.898,96.000,96.000,4532.892,3301.387,2482.268,0.500
1789830825.872,14.024,100.000,100.000,4313.527,3301.434,1647.710,0.700
1789830825.978,14.218,100.000,100.000,4189.399,3001.367,2292.547,0.600
1789830826.085,13.533,100.000,100.000,4133.832,3137.702,2200.031,0.545
1789830826.189,3.770,100.000,100.000,3736.398,2965.523,2201.755,0.091
1789830826.295,13.501,100.000,100.000,4128.553,3203.530,400.000,0.556
1789830826.398,12.709,100.000,100.000,4248.101,3301.356,1807.981,0.545
1789830826.507,13.100,100.000,100.000,4440.727,3301.371,2463.742,0.636
1789830826.614,13.230,100.000,100.000,3878.150,3143.170,2165.030,0.636
1789830826.725,3.239,100.000,100.000,4224.276,3195.276,2499.880,0.000
1789830826.833,14.347,100.000,100.000,4140.147,3301.405,2200.079,0.545
1789830826.939,13.837,100.000,100.000,4189.277,3301.348,2199.979,0.400
1789830827.043,14.509,100.000,100.000,4195.530,3135.959,2199.979,0.667
1789830827.146,9.764,100.000,100.000,1605.194,400.000,2234.932,0.556
1789830827.254,6.204,100.000,100.000,4301.018,3301.408,2290.959,0.364
1789830827.361,12.970,100.000,100.000,4066.297,3230.220,2200.012,0.500
1789830827.466,13.495,100.000,100.000,3929.888,2951.832,2350.006,0.600
1789830827.574,13.459,100.000,100.000,4216.905,3191.324,2193.131,0.455
1789830827.678,10.236,100.000,100.000,1596.128,715.906,400.000,0.455
1789830827.790,7.876,100.000,100.000,4582.582,3301.385,2400.010,0.200
1789830827.898,14.698,100.000,100.000,4175.667,2945.909,2299.997,0.636
1789830828.002,14.485,92.000,93.000,3804.415,3070.677,2300.011,0.700
1789830828.106,14.150,92.000,94.000,4003.686,2834.923,2299.982,0.636
1789830828.210,4.917,92.000,94.000,1798.774,906.587,400.000,0.111
1789830828.317,12.951,92.000,94.000,4424.101,3301.278,2392.766,0.583
1789830828.423,11.815,92.000,94.000,4486.868,3301.389,2408.510,0.444
1789830828.530,15.394,92.000,94.000,4170.917,2786.830,2388.229,0.700
1789830828.641,14.380,92.000,94.000,4067.235,2903.116,2473.329,0.583
1789830828.744,5.088,92.000,94.000,4348.992,3234.480,2183.970,0.100
1789830828.848,13.423,92.000,94.000,4180.120,3138.963,2200.009,0.400
1789830828.951,13.296,92.000,94.000,4376.237,3298.912,2492.299,0.600
1789830829.054,13.973,99.000,99.000,4462.241,3301.362,2400.039,0.545
1789830829.158,8.364,99.000,99.000,1290.836,1112.145,1099.726,0.333
1789830829.260,6.649,99.000,99.000,4075.314,3280.717,2199.989,0.273
1789830829.364,9.681,99.000,99.000,3835.472,3301.436,2500.554,0.400
1789830829.467,8.844,99.000,99.000,4287.967,3301.368,2134.723,0.400
1789830829.571,7.064,99.000,99.000,2836.083,1360.504,2148.057,0.300
1789830829.674,6.622,99.000,99.000,4274.825,3301.381,2299.042,0.273
1789830829.776,10.306,99.000,99.000,4326.401,3307.573,2199.947,0.400
1789830829.880,11.853,99.000,99.000,4343.028,3310.382,2294.559,0.444
1789830829.983,10.698,99.000,99.000,2776.555,1690.331,2028.178,0.545
1789830830.088,3.582,95.000,95.000,2931.474,2633.664,1101.621,0.100
1789830830.192,12.237,95.000,97.000,4017.581,3033.686,2266.325,0.600
1789830830.297,14.090,95.000,97.000,4156.663,3309.332,2300.014,0.600
1789830830.403,14.403,95.000,97.000,4081.725,3367.412,2299.996,0.600
1789830830.506,13.327,95.000,97.000,4310.092,2862.665,2162.033,0.600
1789830830.609,6.297,95.000,97.000,3894.227,2545.624,2338.559,0.545
1789830830.712,14.529,95.000,97.000,4223.351,3311.843,2324.584,0.600
1789830830.814,11.969,95.000,97.000,4256.938,2551.869,2334.923,0.556
1789830830.917,12.266,95.000,97.000,3447.147,2242.043,2200.016,0.545
1789830831.022,14.631,95.000,97.000,4204.816,3093.160,2299.977,0.727
1789830831.124,6.257,94.000,97.000,3427.289,2299.991,1412.531,0.111
1789830831.228,10.087,94.000,94.000,3841.842,3166.774,2189.298,0.500
1789830831.334,14.057,94.000,94.000,4231.601,3069.426,2299.990,0.700
1789830831.440,12.800,94.000,94.000,3848.602,3021.917,2351.787,0.500
1789830831.544,12.609,94.000,94.000,3397.561,2726.277,2500.010,0.500
1789830831.647,11.219,94.000,94.000,2090.497,996.229,1260.048,0.500
1789830831.753,5.964,94.000,94.000,4407.886,3304.257,2417.999,0.200
1789830831.861,13.298,94.000,94.000,4166.599,3176.904,2369.872,0.600
1789830831.970,12.750,94.000,94.000,4112.981,3177.821,2199.943,0.700
1789830832.074,13.412,94.000,94.000,3671.567,2778.569,2165.063,0.400
1789830832.178,7.364,96.000,96.000,2054.221,710.226,400.000,0.300
1789830832.281,9.109,96.000,96.000,4257.110,3241.201,2199.999,0.364
1789830832.385,13.536,96.000,96.000,4288.786,3288.170,2398.429,0.636
1789830832.488,12.866,96.000,96.000,4331.143,3301.399,2364.372,0.556
1789830832.592,12.566,96.000,96.000,3876.866,3112.174,2175.646,0.500
1789830832.696,5.108,96.000,96.000,2061.741,683.508,2356.750,0.200
1789830832.800,11.564,96.000,96.000,4225.429,3004.687,2199.949,0.455
1789830832.907,12.658,96.000,96.000,4187.533,3116.300,2290.087,0.500
1789830833.010,13.982,96.000,96.000,4194.796,2722.493,2419.186,0.600
1789830833.112,13.848,96.000,96.000,3323.709,2522.653,2349.006,0.600
1789830833.223,4.009,96.000,96.000,4553.323,3256.113,2480.150,0.182
1789830833.326,14.109,96.000,96.000,3732.481,2666.797,2200.007,0.727
1789830833.433,14.509,96.000,96.000,4185.822,3097.648,2319.481,0.636
1789830833.538,14.145,96.000,96.000,4163.575,2941.139,2300.014,0.700
1789830833.642,9.581,96.000,96.000,2141.780,400.000,752.967,0.400
1789830833.745,7.170,96.000,96.000,4244.970,3111.935,2165.351,0.364
1789830833.848,13.521,96.000,96.000,4174.544,2631.441,2299.977,0.600
1789830833.951,13.230,96.000,96.000,3774.993,3089.122,2383.837,0.500
1789830834.054,14.029,96.000,96.000,4165.929,3097.365,2254.282,0.600
1789830834.156,7.462,96.000,96.000,2410.860,1232.336,1300.980,0.200
1789830834.260,9.145,90.000,95.000,3763.231,3327.293,2199.985,0.273
1789830834.364,13.465,90.000,93.000,4117.106,3076.619,2220.961,0.556
1789830834.473,14.330,90.000,93.000,4221.068,2914.743,2328.688,0.500
1789830834.576,14.079,90.000,93.000,4012.428,2575.459,2354.188,0.636
1789830834.679,5.293,90.000,93.000,4301.526,3273.589,2199.968,0.273
1789830834.783,13.423,90.000,93.000,3963.076,2696.238,2334.929,0.545
1789830834.889,13.335,90.000,93.000,4151.027,3028.726,2199.990,0.600
1789830834.993,13.379,90.000,93.000,4163.968,3060.582,2300.039,0.400
1789830835.097,11.720,90.000,93.000,4051.878,3011.871,2298.481,0.455
1789830835.200,6.792,90.000,93.000,4289.771,3266.173,2285.873,0.222
1789830835.305,14.209,100.000,100.000,4176.911,3206.191,2200.002,0.600
1789830835.410,13.612,100.000,100.000,4172.657,3145.604,2200.047,0.455
1789830835.513,14.139,100.000,100.000,4337.652,3301.387,2446.872,0.700
1789830835.617,6.623,100.000,100.000,2408.444,400.000,400.000,0.200
1789830835.721,11.810,100.000,100.000,4059.362,3373.099,2199.989,0.545
1789830835.823,13.731,100.000,100.000,4172.667,3011.838,2256.573,0.500
1789830835.931,13.604,100.000,100.000,4427.213,3238.052,2400.748,0.556
1789830836.034,13.812,100.000,100.000,4320.168,3300.564,2367.832,0.636
1789830836.139,5.177,100.000,100.000,4423.257,3301.382,2406.824,0.200
1789830836.246,14.031,100.000,100.000,4386.544,3257.804,2461.881,0.700
1789830836.352,13.142,98.000,98.000,4463.321,3301.392,2322.162,0.455
1789830836.457,15.108,98.000,98.000,3939.978,2861.733,2300.037,0.727
1789830836.562,9.408,98.000,98.000,1911.245,825.188,400.000,0.300
1789830836.670,7.451,98.000,98.000,4365.972,3301.401,2181.636,0.200
1789830836.774,14.176,98.000,98.000,4055.493,3138.158,2199.990,0.545
1789830836.878,13.497,98.000,98.000,3934.595,2725.874,2467.287,0.455
1789830836.983,13.120,98.000,98.000,4165.658,2772.215,2404.229,0.600
1789830837.086,4.927,98.000,98.000,1650.024,400.000,400.000,0.182
1789830837.191,13.467,98.000,98.000,4127.917,3219.107,2200.001,0.667
1789830837.293,12.358,98.000,98.000,4069.726,3301.450,2288.120,0.600
1789830837.397,10.236,93.000,93.000,3917.931,3368.751,1772.813,0.400
1789830837.500,5.250,93.000,97.000,2017.009,578.046,400.000,0.200
1789830837.602,8.560,93.000,97.000,4043.017,2991.368,2199.983,0.400
1789830837.706,9.506,93.000,97.000,4160.549,3249.106,2270.556,0.400
1789830837.809,8.171,93.000,97.000,4564.729,3301.423,2488.769,0.400
1789830837.912,8.132,93.000,97.000,1941.181,400.000,1335.405,0.364
1789830838.016,5.572,93.000,97.000,4390.977,3289.380,2323.182,0.300
1789830838.124,12.176,93.000,97.000,4418.121,3228.656,2349.428,0.400
1789830838.231,11.948,93.000,97.000,4204.984,3301.377,2349.995,0.545
1789830838.336,10.702,93.000,97.000,3601.543,3369.116,1995.660,0.400
1789830838.444,3.405,96.000,97.000,4273.514,3301.404,2200.006,0.100
1789830838.546,11.508,96.000,99.000,4345.698,3301.448,2403.685,0.545
1789830838.657,12.030,96.000,99.000,4311.004,3301.391,400.000,0.600
1789830838.763,10.692,96.000,99.000,4242.347,3301.366,2294.890,0.455
1789830838.866,5.305,96.000,99.000,1925.595,476.214,400.000,0.455
1789830838.969,8.089,96.000,99.000,4307.476,3020.566,2499.890,0.333
1789830839.076,12.559,96.000,99.000,4184.058,3301.383,2220.707,0.600
1789830839.179,12.085,96.000,99.000,3875.101,3199.371,2196.432,0.455
1789830839.282,12.066,96.000,99.000,4043.875,3144.166,2199.997,0.600
1789830839.387,3.247,96.000,99.000,1754.728,873.611,749.691,0.100
1789830839.490,12.012,86.000,99.000,3993.872,3197.814,2497.587,0.500
1789830839.593,12.022,86.000,93.000,4052.384,3125.060,2199.950,0.556
1789830839.704,12.405,86.000,93.000,4553.581,3301.368,2500.086,0.500
1789830839.809,11.455,86.000,93.000,3763.182,3224.428,2159.189,0.500
1789830839.914,5.038,86.000,93.000,4317.498,3281.189,1175.659,0.273
1789830840.018,12.364,86.000,93.000,3623.926,3286.771,1944.482,0.600
1789830840.125,11.247,86.000,93.000,4356.869,3301.385,2350.046,0.400
1789830840.228,13.627,86.000,93.000,4204.262,3071.085,2299.984,0.636
1789830840.333,8.836,86.000,93.000,2056.627,780.986,1358.835,0.400
1789830840.438,9.316,86.000,93.000,4038.338,3033.204,2199.984,0.500
1789830840.541,13.028,94.000,94.000,3974.988,2993.006,1420.425,0.600
1789830840.644,12.755,94.000,94.000,4128.178,3030.427,2199.996,0.400
1789830840.750,12.914,94.000,94.000,4224.060,3326.292,2200.014,0.583
1789830840.853,5.133,94.000,94.000,2175.659,642.734,400.000,0.200
1789830840.957,12.856,94.000,94.000,4146.918,3223.378,2200.017,0.500
1789830841.067,13.028,94.000,94.000,4376.469,3301.394,2382.785,0.545
1789830841.172,13.456,94.000,94.000,3936.520,2927.449,2201.093,0.600
1789830841.277,10.645,94.000,94.000,1637.802,675.173,400.000,0.455
1789830841.379,7.345,94.000,94.000,3743.495,2707.622,1972.100,0.500
1789830841.486,13.580,94.000,94.000,4010.390,2917.401,2439.605,0.500
1789830841.593,13.494,99.000,99.000,4334.895,3301.402,2125.274,0.600
1789830841.698,13.341,99.000,99.000,3899.295,3068.430,2328.743,0.545
1789830841.802,9.961,99.000,99.000,3305.624,2514.310,1091.777,0.333
1789830841.907,12.094,99.000,99.000,4226.444,3283.013,2299.997,0.545
1789830842.016,13.976,99.000,99.000,4282.629,3301.413,1450.256,0.500
1789830842.119,14.902,99.000,99.000,4265.850,3301.363,2500.042,0.727
1789830842.227,14.921,99.000,99.000,4280.320,2835.830,2492.611,0.778
1789830842.332,13.603,99.000,99.000,4381.306,2773.252,2393.700,0.727
1789830842.437,6.990,99.000,99.000,4170.275,3152.506,2300.024,0.364
1789830842.539,14.111,99.000,99.000,3700.465,2755.928,2299.994,0.600
1789830842.645,13.450,100.000,100.000,4258.656,3301.338,2217.969,0.556
1789830842.753,14.930,100.000,100.000,4300.579,3186.128,2500.022,0.545
1789830842.862,14.618,100.000,100.000,4129.772,3278.405,2415.006,0.700
1789830842.971,5.432,100.000,100.000,4335.125,3301.396,1338.637,0.182
1789830843.077,14.705,100.000,100.000,4105.820,2943.225,2250.003,0.636
1789830843.185,12.032,100.000,100.000,4405.576,3301.372,2349.998,0.545
1789830843.291,13.455,100.000,100.000,4152.960,3230.923,2199.974,0.500
1789830843.394,11.473,100.000,100.000,1745.275,714.632,400.000,0.400
1789830843.498,6.926,100.000,100.000,4179.756,3227.064,2200.015,0.364
1789830843.601,13.489,100.000,100.000,4001.734,3156.803,2299.992,0.545
1789830843.711,11.700,99.000,100.000,4353.964,3301.389,2376.623,0.500
1789830843.816,13.956,99.000,99.000,4113.888,2902.228,2300.023,0.636
1789830843.920,6.942,99.000,99.000,1650.348,603.319,400.000,0.300
1789830844.025,11.264,99.000,99.000,4128.247,3065.619,2199.994,0.500
1789830844.132,14.067,99.000,99.000,4173.729,3178.863,2223.318,0.700
1789830844.237,13.476,99.000,99.000,4132.151,3090.096,2300.061,0.636
1789830844.343,11.291,99.000,99.000,4040.833,3138.386,2339.408,0.400
1789830844.447,3.382,99.000,99.000,4495.656,3301.354,2127.858,0.100
1789830844.551,14.112,99.000,99.000,4200.140,3085.394,2200.024,0.545
1789830844.656,13.791,99.000,99.000,4151.823,3194.961,2349.435,0.600
1789830844.760,13.411,89.000,93.000,3985.204,2984.264,2300.020,0.500
1789830844.863,11.630,89.000,95.000,1933.326,1248.664,400.000,0.400
1789830844.967,7.921,89.000,95.000,4298.930,3301.386,2290.827,0.300
1789830845.073,14.972,89.000,95.000,4036.578,2915.919,2361.956,0.545
1789830845.182,12.515,89.000,95.000,4102.514,3143.776,2299.953,0.545
1789830845.291,14.547,89.000,95.000,4108.148,2981.213,2299.969,0.500
1789830845.396,4.486,89.000,95.000,3107.856,2091.603,880.006,0.182
1789830845.503,12.909,89.000,95.000,4242.423,3327.785,2366.120,0.600
1789830845.608,10.411,89.000,95.000,4199.946,3337.178,2099.950,0.400
1789830845.711,7.091,89.000,95.000,1307.104,767.848,1217.691,0.400
1789830845.815,5.311,96.000,96.000,4283.662,3301.406,2250.410,0.333
1789830845.924,10.753,96.000,96.000,4305.549,3301.417,2345.385,0.500
1789830846.030,10.482,96.000,96.000,4245.354,3301.427,2234.301,0.455
1789830846.136,8.652,96.000,96.000,1605.591,1095.011,1992.777,0.400
1789830846.240,4.977,96.000,96.000,4184.111,3301.422,2499.436,0.273
1789830846.343,9.582,96.000,96.000,4013.188,3094.725,1870.059,0.400
1789830846.449,11.473,96.000,96.000,4242.625,3226.875,2200.005,0.500
1789830846.557,11.403,96.000,96.000,4202.563,3301.341,2184.715,0.455
1789830846.659,3.222,96.000,96.000,2970.279,654.935,1547.294,0.200
1789830846.766,10.758,96.000,96.000,4486.629,3237.406,2351.755,0.400
1789830846.871,12.236,95.000,96.000,4210.052,3338.529,2200.001,0.600
1789830846.979,11.583,95.000,96.000,4307.550,3293.363,2486.317,0.455
1789830847.083,8.709,95.000,96.000,1959.233,400.000,400.000,0.500
1789830847.187,6.400,95.000,96.000,4306.212,3264.123,2200.052,0.300
1789830847.293,9.872,95.000,96.000,4186.231,3327.375,2500.588,0.300
1789830847.402,12.303,95.000,96.000,4518.988,3087.090,2500.032,0.455
1789830847.512,11.455,95.000,96.000,4232.318,3301.356,2277.164,0.636
1789830847.616,7.859,95.000,96.000,2124.485,2275.136,1303.839,0.333
1789830847.719,8.457,95.000,96.000,3961.444,3079.478,2200.043,0.417
1789830847.824,12.455,95.000,96.000,4417.818,3301.381,2500.065,0.400
1789830847.927,11.891,95.000,96.000,4267.524,3099.182,2198.236,0.500
1789830848.031,12.497,95.000,95.000,3757.301,2920.877,2400.068,0.545
1789830848.136,4.920,95.000,95.000,1993.219,811.577,1407.949,0.200
1789830848.239,10.609,95.000,95.000,4048.771,3301.397,2199.872,0.300
1789830848.343,12.534,95.000,95.000,3945.721,3175.574,2199.937,0.500
1789830848.450,12.930,95.000,95.000,4085.752,2958.951,2107.909,0.636
1789830848.557,12.559,95.000,95.000,3929.567,3119.028,2124.410,0.500
1789830848.659,5.318,95.000,95.000,3774.275,3092.412,2126.869,0.273
1789830848.769,13.017,95.000,95.000,4538.632,3301.359,2154.639,0.444
1789830848.872,13.641,95.000,95.000,4164.765,3133.851,2199.994,0.727
1789830848.976,13.449,100.000,100.000,4310.945,3285.617,2371.700,0.500
1789830849.079,8.267,100.000,100.000,1944.403,1140.284,1429.677,0.400
1789830849.182,7.108,100.000,100.000,3971.967,3183.332,2200.012,0.300
1789830849.291,11.472,100.000,100.000,4292.376,3291.630,2407.091,0.364
1789830849.393,13.624,100.000,100.000,4164.510,2829.370,2300.017,0.600
1789830849.501,14.079,100.000,100.000,4124.891,3150.883,2299.959,0.545
1789830849.605,6.768,100.000,100.000,1998.707,400.000,400.000,0.300
1789830849.715,12.918,100.000,100.000,4260.080,3125.691,2414.248,0.500
1789830849.823,14.436,100.000,100.000,4174.580,3281.325,2300.040,0.545
1789830849.934,13.475,100.000,100.000,4412.754,3204.313,2500.015,0.700
1789830850.040,13.761,100.000,100.000,4181.798,2959.800,2328.073,0.583
1789830850.145,4.438,100.000,100.000,4398.790,3289.400,2456.019,0.111
1789830850.248,14.339,100.000,100.000,4102.981,2895.652,2300.034,0.727
1789830850.352,13.461,100.000,100.000,4042.450,3299.151,2200.030,0.600
1789830850.456,13.406,100.000,100.000,4019.804,2778.666,2299.972,0.500
1789830850.559,9.294,100.000,100.000,2859.944,2574.106,1350.038,0.200
1789830850.666,6.791,100.000,100.000,4227.958,3278.089,1349.994,0.300
1789830850.772,11.942,100.000,100.000,3395.571,2932.056,2449.520,0.500
1789830850.884,13.512,100.000,100.000,4271.521,3137.061,2394.882,0.583
1789830850.987,14.317,100.000,100.000,4099.110,2557.994,2371.525,0.700
1789830851.090,7.291,91.000,98.000,1492.920,712.164,1359.758,0.200
1789830851.197,10.094,91.000,100.000,4303.488,3298.019,2391.343,0.636
1789830851.301,14.630,91.000,100.000,4153.269,3076.682,2330.846,0.455
1789830851.406,11.227,91.000,100.000,3980.779,3174.648,2350.011,0.500
1789830851.509,13.385,91.000,100.000,3968.208,3193.468,2199.977,0.600
1789830851.614,5.492,91.000,100.000,1886.791,564.684,2003.204,0.200
1789830851.722,13.767,91.000,100.000,4347.763,3301.356,1376.516,0.500
1789830851.835,13.325,91.000,100.000,4113.512,2148.238,2276.511,0.545
1789830851.940,14.356,91.000,100.000,4058.965,3047.861,2200.011,0.545
1789830852.044,11.245,91.000,100.000,1871.334,839.035,1376.556,0.400
1789830852.150,7.067,95.000,100.000,4207.448,3135.385,2200.028,0.300
1789830852.260,13.633,95.000,100.000,4463.610,3223.166,2437.239,0.700
1789830852.367,13.806,95.000,100.000,4130.087,2943.611,2300.003,0.667
1789830852.471,14.427,95.000,100.000,4080.611,3128.252,2200.026,0.545
1789830852.574,5.396,95.000,100.000,1773.889,685.967,1159.737,0.222
1789830852.676,13.430,95.000,100.000,3999.052,3025.014,2249.805,0.600
1789830852.780,13.422,95.000,100.000,4140.727,3257.916,2200.020,0.600
1789830852.884,14.164,95.000,100.000,4091.225,2850.726,2399.948,0.545
1789830852.987,11.868,95.000,100.000,4034.380,2813.520,2499.997,0.400
1789830853.091,5.418,95.000,100.000,4235.322,3346.664,2199.970,0.500
1789830853.194,14.379,97.000,100.000,4118.948,3154.011,2299.988,0.545
1789830853.307,15.238,97.000,97.000,3752.251,3111.067,2399.984,0.700
1789830853.415,14.577,97.000,97.000,4265.104,3289.739,2499.957,0.700
1789830853.523,10.889,97.000,97.000,2652.069,2473.792,2165.202,0.364
1789830853.627,8.242,97.000,97.000,4050.884,3357.173,2272.300,0.455
1789830853.730,13.036,97.000,97.000,4138.079,3302.279,2400.000,0.700
1789830853.836,10.990,97.000,97.000,4095.372,3301.379,2200.037,0.500
1789830853.939,10.190,97.000,97.000,3544.637,2375.686,1663.059,0.545
1789830854.048,6.809,97.000,97.000,4429.849,3304.874,1699.669,0.222
1789830854.152,11.897,97.000,97.000,4270.960,3301.396,2400.577,0.500
1789830854.256,12.192,101.000,101.000,4220.677,3296.663,2395.655,0.500
1789830854.363,12.386,101.000,101.000,4190.070,3033.075,2260.503,0.667
1789830854.467,10.879,101.000,101.000,3296.416,2136.529,1098.664,0.727
1789830854.569,7.033,101.000,101.000,3972.394,3296.808,2299.983,0.200
1789830854.674,12.129,101.000,101.000,4159.797,3296.517,2395.443,0.600
1789830854.780,12.112,101.000,101.000,4262.777,3301.415,2345.111,0.600
1789830854.886,12.525,101.000,101.000,4055.291,3223.493,2300.068,0.636
1789830854.989,3.500,101.000,101.000,1722.769,400.000,1359.143,0.182
1789830855.093,9.818,101.000,101.000,3677.384,3309.190,2349.711,0.400
1789830855.201,10.482,101.000,101.000,4321.928,3301.389,2199.997,0.400
1789830855.303,11.282,91.000,99.000,4183.260,3278.438,1744.430,0.500
1789830855.412,12.600,91.000,100.000,4354.124,3301.336,2430.207,0.600
1789830855.517,4.153,91.000,100.000,2197.230,400.000,1834.682,0.273
1789830855.621,10.681,91.000,100.000,4155.401,3354.974,2200.025,0.556
1789830855.726,12.886,91.000,100.000,4186.755,3316.742,2300.002,0.583
1789830855.830,12.959,91.000,100.000,4025.458,3179.807,2338.405,0.600
1789830855.934,12.595,91.000,100.000,3891.843,2998.600,1158.066,0.545
1789830856.044,4.600,91.000,100.000,4396.927,3285.243,1311.095,0.200
1789830856.149,11.664,91.000,100.000,4213.799,3309.157,2282.967,0.500
1789830856.256,12.655,91.000,100.000,4159.053,3082.139,1349.979,0.636
1789830856.363,12.895,94.000,100.000,4094.943,3131.376,2185.408,0.700
1789830856.467,13.152,94.000,94.000,4132.666,2970.665,2300.019,0.545
1789830856.572,3.034,94.000,94.000,4234.513,3301.409,2278.621,0.222
1789830856.675,13.045,94.000,94.000,3835.382,2890.954,2229.412,0.500
1789830856.781,13.358,94.000,94.000,4192.777,3290.373,2199.999,0.636
1789830856.884,10.662,94.000,94.000,4220.737,3301.389,2208.619,0.300
1789830856.991,14.082,94.000,94.000,4152.619,2952.954,2400.021,0.500
1789830857.100,4.664,94.000,94.000,4355.505,3206.007,1345.668,0.182
1789830857.210,13.964,94.000,94.000,4136.606,3252.603,2199.993,0.727
1789830857.316,11.709,94.000,94.000,3901.244,2714.930,2350.064,0.545
1789830857.429,14.258,99.000,99.000,4292.877,3292.710,2453.535,0.700
1789830857.535,10.447,99.000,99.000,1646.201,779.296,400.000,0.455
1789830857.639,9.183,99.000,99.000,4078.281,3067.593,2299.997,0.273
1789830857.743,13.567,99.000,99.000,3932.376,2821.171,2447.060,0.636
1789830857.847,13.235,99.000,99.000,4146.444,3301.417,2351.756,0.500
1789830857.955,13.942,99.000,99.000,4114.132,3204.476,2341.205,0.700
1789830858.058,6.451,99.000,99.000,1952.190,1233.109,1200.830,0.182
1789830858.162,11.565,99.000,99.000,4174.727,3119.930,2289.506,0.500
1789830858.266,13.541,99.000,99.000,4006.772,2990.762,2297.434,0.700
1789830858.369,14.300,99.000,99.000,4123.192,2896.415,2388.448,0.600
1789830858.475,12.954,101.000,101.000,4116.394,3301.370,2199.950,0.444
1789830858.586,4.900,101.000,101.000,4495.445,3301.414,2462.775,0.182
1789830858.689,12.668,101.000,101.000,4505.300,3301.390,2500.021,0.500
1789830858.793,13.430,101.000,101.000,3865.155,3240.094,2200.036,0.545
1789830858.896,14.318,101.000,101.000,4158.930,3156.349,2221.162,0.700
1789830859.000,14.344,101.000,101.000,4094.790,2915.715,2324.132,0.500
1789830859.106,5.610,101.000,101.000,4186.051,3064.338,2199.994,0.100
1789830859.216,10.373,101.000,101.000,4144.608,3301.370,2100.001,0.455
1789830859.323,14.145,101.000,101.000,4081.007,2946.665,2399.846,0.636
1789830859.431,13.553,101.000,101.000,3609.023,2904.030,2500.530,0.600
1789830859.536,11.481,85.000,96.000,1909.813,756.412,2440.802,0.500
1789830859.645,7.374,85.000,99.000,4256.564,3176.914,2103.520,0.364
1789830859.753,14.632,85.000,99.000,4159.690,3136.903,2200.008,0.583
1789830859.857,13.894,85.000,99.000,4131.136,2841.493,2400.045,0.667
1789830859.961,14.145,85.000,99.000,4110.210,2863.744,2499.930,0.500
1789830860.064,5.550,85.000,99.000,1497.132,641.277,2400.302,0.200
1789830860.171,13.558,85.000,99.000,4119.293,3059.882,2199.998,0.636
1789830860.274,14.006,85.000,99.000,3956.486,2794.897,2461.852,0.636
1789830860.382,14.426,85.000,99.000,4455.622,3301.414,2464.995,0.600
1789830860.485,12.945,85.000,99.000,3817.268,2813.200,2498.859,0.500
1789830860.593,6.023,100.000,100.000,4322.286,3301.345,2402.626,0.200
1789830860.701,13.718,100.000,100.000,4140.493,3301.374,2170.018,0.500
1789830860.804,14.259,100.000,100.000,4155.028,2796.351,2374.961,0.545
1789830860.908,14.511,100.000,100.000,3950.005,2678.327,2486.258,0.636
1789830861.010,7.583,100.000,100.000,2612.273,1386.725,1229.738,0.333
1789830861.114,11.708,100.000,100.000,4180.245,2875.953,2399.987,0.364
1789830861.218,14.263,100.000,100.000,4066.663,2801.727,2326.367,0.444
1789830861.325,13.377,100.000,100.000,4063.871,2824.508,2400.014,0.400
1789830861.432,14.932,100.000,100.000,4105.271,3020.653,2400.064,0.636
1789830861.539,5.179,100.000,100.000,4257.303,3276.184,2324.325,0.273
1789830861.642,12.920,98.000,98.000,4168.983,3301.438,2203.309,0.400
1789830861.745,11.627,98.000,98.000,3954.277,3168.328,2275.607,0.500
1789830861.852,10.981,98.000,98.000,4412.011,3271.552,2499.874,0.400
1789830861.962,4.282,98.000,98.000,4291.207,3302.245,2317.350,0.200
1789830862.065,8.561,98.000,98.000,3561.925,3245.630,2326.417,0.364
1789830862.168,9.352,98.000,98.000,3825.507,2626.039,1648.996,0.364
1789830862.276,11.693,98.000,98.000,4103.534,3304.187,2200.024,0.500
1789830862.381,4.307,98.000,98.000,2306.885,797.747,1287.238,0.100
1789830862.485,7.105,98.000,98.000,4277.883,3301.387,2200.044,0.364
1789830862.595,10.855,98.000,98.000,4438.533,3296.324,2296.779,0.400
1789830862.703,12.344,99.000,99.000,4332.061,3301.407,2365.648,0.636
1789830862.808,11.986,99.000,99.000,3822.855,3161.849,2016.218,0.545
1789830862.918,3.324,99.000,99.000,4546.534,3301.380,2199.963,0.100
1789830863.022,12.129,99.000,99.000,3802.354,3031.786,2376.465,0.600
1789830863.127,11.965,99.000,99.000,4128.568,3319.155,2349.989,0.545
1789830863.230,10.379,99.000,99.000,2748.679,2809.423,2251.555,0.300
1789830863.334,10.657,99.000,99.000,4223.772,3118.532,1683.995,0.583
1789830863.441,4.032,99.000,99.000,4281.978,3301.420,2200.014,0.200
1789830863.544,12.739,99.000,99.000,4044.655,3240.771,2204.989,0.400
1789830863.647,12.400,99.000,99.000,3528.679,3217.284,2199.980,0.545
1789830863.755,11.375,99.000,99.000,4412.238,3301.378,2250.311,0.500
1789830863.859,10.163,99.000,99.000,1768.044,1071.391,2282.684,0.500
1789830863.962,5.172,99.000,99.000,4233.834,3080.791,1856.643,0.182
1789830864.065,13.533,99.000,99.000,4351.597,3262.642,2410.974,0.600
1789830864.169,12.517,99.000,99.000,3847.133,3176.834,2300.045,0.600
1789830864.273,13.824,99.000,99.000,2485.543,2822.283,2300.048,0.600
1789830864.376,9.476,99.000,99.000,1577.542,2071.102,1060.599,0.300
1789830864.480,7.318,99.000,99.000,4093.506,3180.242,2119.657,0.300
1789830864.589,11.856,99.000,99.000,4366.114,3301.391,2346.930,0.455
1789830864.693,13.218,99.000,99.000,4193.003,3222.394,2300.015,0.600
1789830864.796,14.682,98.000,98.000,4432.373,3055.952,2475.819,0.600
1789830864.899,12.483,98.000,98.000,2960.954,1156.772,749.457,0.800
1789830865.002,9.144,98.000,98.000,3975.890,2904.553,2159.333,0.636
1789830865.105,14.548,98.000,98.000,4089.824,2693.004,2398.919,0.727
1789830865.213,14.936,98.000,98.000,4069.889,2783.892,2499.937,0.778
1789830865.318,15.209,98.000,98.000,4255.557,3069.684,1096.249,0.636
1789830865.420,15.167,98.000,98.000,4230.907,3206.912,2460.611,0.600
1789830865.523,7.199,98.000,98.000,3506.843,2025.282,400.000,0.182
1789830865.626,14.345,98.000,98.000,3986.076,2648.084,2246.389,0.600
1789830865.729,14.947,98.000,98.000,3477.014,2303.419,2440.922,0.700
1789830865.837,14.595,98.000,98.000,4273.487,3065.921,2470.285,0.667
1789830865.940,15.050,98.000,98.000,4367.134,3290.582,2451.936,0.636
1789830866.043,13.549,98.000,98.000,4523.944,3301.402,2499.975,0.500
1789830866.156,7.906,98.000,98.000,4529.124,3295.782,2500.020,0.333
1789830866.261,14.514,98.000,98.000,4382.038,3294.375,1801.640,0.600
1789830866.364,12.688,98.000,98.000,3696.511,2568.482,2355.543,0.455
1789830866.470,12.546,98.000,98.000,4318.797,3301.386,2429.211,0.600
1789830866.575,13.346,98.000,98.000,3775.583,2934.780,2506.659,0.400
1789830866.677,5.661,98.000,98.000,4058.095,3069.588,2299.968,0.200
1789830866.782,14.015,98.000,98.000,4122.339,2986.336,2227.390,0.500
1789830866.886,13.933,98.000,98.000,4099.224,2773.640,2500.020,0.600
1789830866.994,14.209,98.000,98.000,4058.963,2981.464,1449.993,0.500
1789830867.097,10.772,98.000,98.000,1800.608,637.453,1710.822,0.545
1789830867.206,7.912,98.000,98.000,4152.508,2750.328,2189.899,0.300
1789830867.316,14.027,98.000,98.000,4374.291,3301.372,2470.998,0.545
1789830867.425,15.480,98.000,98.000,4030.728,2769.820,2400.025,0.727
1789830867.528,12.980,98.000,98.000,3717.045,2920.952,2400.168,0.500
1789830867.632,8.131,98.000,98.000,2141.524,606.094,2183.508,0.364
1789830867.736,9.626,98.000,98.000,3906.492,2985.803,2366.055,0.200
1789830867.842,11.746,98.000,98.000,4134.354,3180.633,2200.033,0.600
1789830867.955,12.528,91.000,96.000,4005.612,3060.815,2200.365,0.500
1789830868.063,14.026,91.000,99.000,4308.897,3244.902,2460.098,0.636
1789830868.166,9.865,91.000,99.000,1744.839,744.320,2221.569,0.364
1789830868.270,10.013,91.000,99.000,4118.472,2751.173,2400.012,0.455
1789830868.374,14.809,91.000,99.000,4056.832,2670.858,2488.410,0.667
1789830868.479,14.973,91.000,99.000,4084.675,2713.068,2462.376,0.364
1789830868.585,14.470,91.000,99.000,4041.908,2853.883,2314.796,0.455
1789830868.689,6.026,91.000,99.000,1409.052,400.000,1956.953,0.222
1789830868.793,12.791,91.000,99.000,4128.963,2992.628,2400.035,0.455
1789830868.900,13.291,91.000,99.000,4317.698,3301.352,2325.659,0.300
1789830869.005,13.376,95.000,99.000,3852.719,2674.619,2449.970,0.455
1789830869.109,15.048,95.000,95.000,4041.543,2738.436,2372.995,0.600
1789830869.214,5.531,95.000,95.000,1871.866,400.000,1418.807,0.300
1789830869.320,13.600,95.000,95.000,4185.219,2944.921,2300.031,0.500
1789830869.430,14.939,95.000,95.000,4114.260,2723.688,2500.003,0.455
1789830869.539,14.730,95.000,95.000,4099.919,2968.961,2300.026,0.636
1789830869.648,14.736,95.000,95.000,4081.796,3033.903,2299.980,0.700
1789830869.751,4.202,95.000,95.000,4128.535,3288.014,2200.028,0.200
1789830869.856,14.942,95.000,95.000,4125.271,2755.736,2454.626,0.636
1789830869.959,14.097,95.000,95.000,4126.919,2935.344,2399.994,0.500
1789830870.070,14.887,96.000,96.000,4226.749,3022.669,2492.770,0.700
1789830870.174,15.218,96.000,96.000,4263.174,2948.633,2499.975,0.583
1789830870.282,5.009,96.000,96.000,4182.593,3301.405,2200.047,0.300
1789830870.385,9.717,96.000,96.000,4186.441,3191.240,2500.073,0.500
1789830870.490,11.728,96.000,96.000,4202.684,3301.425,2308.641,0.500
1789830870.593,6.806,96.000,96.000,1178.764,732.613,400.000,0.400
1789830870.697,5.917,96.000,96.000,4043.757,3352.939,400.000,0.273
1789830870.802,9.829,96.000,96.000,4236.175,3225.734,2320.857,0.444
1789830870.906,11.691,96.000,96.000,3821.812,3188.021,1350.012,0.500
1789830871.009,10.525,96.000,96.000,4257.988,3187.338,2299.993,0.400
1789830871.114,3.875,97.000,97.000,4219.626,3301.411,2199.988,0.200
1789830871.218,10.964,97.000,98.000,3768.931,2741.983,2192.203,0.455
1789830871.321,12.864,97.000,98.000,3594.945,3046.626,2300.056,0.500
1789830871.427,11.293,97.000,98.000,4140.126,3169.106,2200.032,0.300
1789830871.530,7.631,97.000,98.000,2101.426,1639.001,1330.866,0.222
1789830871.633,6.726,97.000,98.000,4263.483,2976.941,2299.952,0.333
1789830871.737,12.757,97.000,98.000,4179.556,3007.972,2314.238,0.556
1789830871.842,13.248,97.000,98.000,3759.071,3152.958,2199.998,0.636
1789830871.946,12.829,97.000,98.000,4102.867,2832.473,2337.531,0.500
1789830872.049,7.615,97.000,98.000,2665.923,1179.231,2034.318,0.364
1789830872.157,7.673,99.000,99.000,4453.559,3301.418,2361.726,0.273
1789830872.266,13.526,99.000,99.000,4154.555,3280.344,2199.968,0.600
1789830872.371,14.436,99.000,99.000,4074.001,2856.093,2400.019,0.545
1789830872.474,13.203,99.000,99.000,4150.217,3206.887,2199.971,0.600
1789830872.576,6.690,99.000,99.000,2242.299,984.891,1892.568,0.455
1789830872.679,9.996,99.000,99.000,4011.450,3021.272,2162.341,0.444
1789830872.783,13.145,99.000,99.000,4133.597,2841.909,2322.287,0.600
1789830872.888,13.570,99.000,99.000,4119.278,2968.905,2400.021,0.500
1789830872.996,14.097,99.000,99.000,4102.525,2930.786,2396.672,0.455
1789830873.099,6.391,99.000,99.000,2069.344,400.000,400.000,0.273
1789830873.203,12.322,93.000,97.000,4087.754,3057.321,2218.874,0.500
1789830873.311,12.818,93.000,100.000,4199.142,3301.405,2252.046,0.500
1789830873.414,13.629,93.000,100.000,4476.023,3258.940,2500.008,0.600
1789830873.522,14.779,93.000,100.000,4303.312,3295.125,2499.552,0.600
